10
3jb9ps,Boyer,Dimitry,9 Ramsey Alley,Houston,TX,77240,US,dboyer0@drupal.org
toeayw,De la Perrelle,Catherina,463 Eastwood Park,Washington,DC,20041,US,cdelaperrelle1@odnoklassniki.ru
ji69m7,Calkin,Dunc,09956 Delladonna Place,Colorado Springs,CO,80925,US,dcalkin2@blog.com
0g6daq,Christo,Jesus,667 Doobie Doo,Truth or Consequences,NM,87901,US
j7s79g,Lyddiatt,Langsdon,565 Schiller Point,Saint Cloud,MN,56372,US,llyddiatt4@meetup.com,llyddiatt4@aol.com
6w8se4,Sidery,Bondon,80048 Ramsey Drive,Charleston,WV,25356,US,bsidery5@taobao.com
rxre4a,Dover,Ben,4847 Brickson Park Road,Orange,CA,92862,US,bd@theatlantic.com,bd@scribd.com
8yrriq,Bielfelt,Mortie,2 Cambridge Park,South Lake Tahoe,CA,96154,US
cs0od5,Petzolt,Lawrence,50144 Beilfuss Park,Chicago,IL,60652,US,lpetzolt8@craigslist.org
hvp9cq,McGrane,Vinny,38417 Ridgeview Junction,Houston,TX,77288,US
